axisX,axisY,axisZ
-0.854857,0.975696,1.104
-0.748855,1.008431,1.104
-0.733163,1.027954,1.104
-0.807887,1.125073,1.104
-0.937433,1.256113,1.104
-0.236611,1.103412,-3.324058
-0.146702,1.014607,-3.123538
-0.098098,0.940123,-2.952912
-0.05255,0.849827,-2.737936
-0.162277,0.441362,-3.77487
0.048797,0.771078,-2.307197
0.083954,0.758772,-2.241064
0.101591,0.757254,-2.235768
0.105918,0.753672,-2.219581
0.125146,0.73041,-2.113625
0.129559,0.719775,-2.070955
0.132352,0.700854,-2.011003
0.146886,0.677051,-1.942492
0.163339,0.649377,-1.860384
0.17141,0.622009,-1.785755
0.165764,0.598242,-1.743289
0.155211,0.582806,-1.714725
0.158305,0.568938,-1.690858
0.166644,0.557388,-1.671806
0.186395,0.536149,-1.637318
0.209171,0.525775,-1.621376
0.220098,0.525574,-1.622283
0.227704,0.525779,-1.623532
0.233852,0.520124,-1.614115
0.244751,0.512001,-1.600828
0.258475,0.502779,-1.58745
0.275749,0.487964,-1.570265
0.290208,0.469388,-1.548448
0.305828,0.448153,-1.529623
0.316127,0.425706,-1.518751
0.322842,0.396098,-1.514246
0.326999,0.385459,-1.517041
0.328159,0.288156,-1.627641
0.350188,0.255675,-1.632413
0.375719,0.227862,-1.621629
0.411747,0.245372,-1.566628
0.430987,0.210688,-1.573323
0.441094,0.205953,-1.578603
0.443039,0.206075,-1.579983
0.442193,0.211278,-1.580642
0.437069,0.214077,-1.577763
0.432761,0.210608,-1.574455
0.424263,0.220337,-1.569572
0.418233,0.221305,-1.56677
0.418081,0.221977,-1.566777
0.418751,0.221548,-1.566992
0.416856,0.214542,-1.565663
0.407963,0.219181,-1.56301
0.39495,0.222793,-1.559076
0.372084,0.214597,-1.549253
0.354128,0.21607,-1.550375
0.333766,0.207695,-1.585878
0.31928,0.204973,-1.625436
0.31595,0.237063,-1.624651
0.312298,0.275153,-1.623791
0.310538,0.294374,-1.623378
0.319362,0.398423,-1.512996
0.312249,0.412052,-1.511997
0.295292,0.4284,-1.5147
0.26788,0.443573,-1.515267
0.225794,0.460203,-1.52476
0.198098,0.471781,-1.53406
0.165175,0.488835,-1.554591
0.151481,0.498094,-1.566575
0.146372,0.507025,-1.580506
0.153084,0.511828,-1.589889
0.156238,0.520858,-1.606288
0.156788,0.52928,-1.621128
0.143314,0.542248,-1.641934
0.118897,0.547016,-1.6468
0.081395,0.554953,-1.655641
0.037516,0.558883,-1.657318
0.005911,0.556821,-1.655684
-0.011891,0.557948,-1.659715
-0.023337,0.560131,-1.664831
-0.032766,0.567256,-1.678542
-0.043132,0.573288,-1.690597
-0.071658,0.577425,-1.701927
-0.100272,0.574634,-1.701124
-0.116428,0.571256,-1.697512
-0.115313,0.564038,-1.684701
-0.079054,0.550214,-1.655287
-0.02795,0.540241,-1.630937
0.046007,0.533271,-1.613972
0.106967,0.529081,-1.61384
0.175763,0.525374,-1.616784
0.22315,0.524023,-1.619859
0.274209,0.529892,-1.637238
0.312425,0.532883,-1.651795
0.367834,0.539534,-1.677888
0.416228,0.538869,-1.690925
0.466521,0.536687,-1.707381
0.532792,0.535202,-1.733179
0.585431,0.542126,-1.728549
0.614055,0.552446,-1.744218
0.628132,0.560272,-1.755885
0.631406,0.579108,-1.771217
0.633137,0.593299,-1.784796
0.636654,0.610409,-1.808672
0.645002,0.623113,-1.825247
0.65678,0.630972,-1.833548
0.67317,0.634221,-1.840109
0.699091,0.637389,-1.851285
0.714269,0.640958,-1.859072
0.728364,0.642728,-1.864896
0.736724,0.646684,-1.873248
0.753128,0.651002,-1.886314
0.764934,0.656449,-1.899283
0.779538,0.660144,-1.913801
0.787391,0.664751,-1.926207
0.798222,0.670207,-1.943007
0.796808,0.669379,-1.94039
0.794316,0.667657,-1.935327
0.791651,0.667575,-1.933361
0.789174,0.672544,-1.94118
0.789779,0.682573,-1.959638
0.789248,0.699751,-1.991487
0.789757,0.717364,-2.046559
0.789151,0.733052,-2.097941
0.794201,0.747035,-2.176358
0.800421,0.757735,-2.260854
0.808228,0.767441,-2.362851
0.812854,0.7714,-2.426714
0.814784,0.772778,-2.464218
0.814718,0.772532,-2.458269
0.811622,0.771656,-2.429753
0.811752,0.770315,-2.398684
0.797412,0.762288,-2.299464
0.787035,0.754847,-2.228613
0.775017,0.740878,-2.127611
0.778874,0.736284,-2.10739
0.786366,0.725607,-2.071054
0.808707,0.718647,-2.061033
0.837507,0.711288,-2.066389
0.862603,0.706732,-2.085648
0.880468,0.702219,-2.096683
0.892539,0.700942,-2.112569
0.89456,0.702028,-2.118341
0.888186,0.706676,-2.117945
0.883788,0.708868,-2.11824
0.875326,0.711868,-2.114592
0.870697,0.714374,-2.115107
0.862653,0.717875,-2.113848
0.856437,0.717968,-2.106276
0.849433,0.717002,-2.095044
0.84534,0.717701,-2.091669
0.84396,0.719868,-2.095407
0.847182,0.721094,-2.102549
0.859099,0.717985,-2.109662
0.869625,0.717021,-2.123816
0.879264,0.715531,-2.137191
0.881944,0.717093,-2.149271
0.880025,0.720645,-2.160382
0.871441,0.724404,-2.158761
0.860594,0.729796,-2.159426
0.853074,0.732732,-2.156493
0.846409,0.735138,-2.153064
0.836164,0.736259,-2.143448
0.820744,0.734804,-2.126534
0.959454,0.782142,-4.931105
0.940377,0.796568,-4.776027
0.912354,0.809733,-4.634756
0.900212,0.812677,-4.546544
0.894981,0.812205,-4.477984
0.890907,0.813523,-4.45417
0.88148,0.819312,-4.447175
0.871956,0.825908,-4.453992
0.869165,0.828592,-4.469333
0.870395,0.828067,-4.474237
0.875331,0.824152,-4.461875
0.871055,0.826733,-4.458195
0.860123,0.833234,-4.469
0.850802,0.836214,-4.482644
0.861053,0.833337,-4.474747
0.875832,0.823392,-4.454178
0.890775,0.811576,-4.418489
0.900755,0.802865,-4.38057
0.88372,0.813438,-4.369891
0.860609,0.826433,-4.350383
0.844513,0.828614,-4.321031
0.82948,0.82958,-4.26484
0.81871,0.829963,-4.218007
0.807037,0.830259,-4.164716
0.804461,0.829154,-4.132359
0.809615,0.826072,-4.102133
0.812154,0.824711,-4.090132
0.831337,0.8189,-4.076506
0.847507,0.814058,-4.066636
0.843514,0.814289,-4.050223
0.841424,0.814019,-4.034031
0.842542,0.812756,-4.015344
0.839725,0.812042,-3.986703
0.835567,0.81204,-3.964909
0.830635,0.811713,-3.932742
0.827819,0.81087,-3.902662
0.818398,0.810372,-3.859125
0.794186,0.813466,-3.817708
0.774868,0.812229,-3.766831
0.787639,0.810204,-3.723747
0.757049,0.810145,-3.671628
0.765107,0.80868,-3.631503
0.792341,0.806128,-3.585404
0.790247,0.805134,-3.549106
0.788925,0.80394,-3.506064
0.782925,0.803083,-3.472863
0.802575,0.800942,-3.442237
0.804574,0.800035,-3.422728
0.812038,0.797907,-3.39714
0.825568,0.794756,-3.384798
0.849495,0.789279,-3.369254
0.878751,0.773928,-3.348927
0.894949,0.761487,-3.330512
0.901655,0.753583,-3.305033
0.908562,0.741676,-3.28359
0.914433,0.730813,-3.258906
0.91919,0.722022,-3.237959
0.926658,0.708052,-3.218151
0.933479,0.692756,-3.209966
0.91539,0.649083,-3.1976
0.921389,0.630163,-3.19652
0.922575,0.626625,-3.184746
0.92305,0.624263,-3.174146
0.92489,0.614483,-3.164147
0.926652,0.605086,-3.15607
0.927277,0.599281,-3.153754
0.92676,0.588846,-3.155656
0.926366,0.581401,-3.159851
0.926167,0.577955,-3.163684
0.92623,0.577395,-3.153728
0.926655,0.584231,-3.14287
0.926153,0.608618,-3.116364
0.924691,0.617281,-3.081218
0.92383,0.622956,-3.032776
0.923711,0.625344,-2.948682
0.92503,0.60832,-2.867174
0.95212,0.60735,-2.781908
0.955792,0.586247,-2.724335
0.956595,0.571989,-2.701365
0.956416,0.573261,-2.70633
0.955553,0.591062,-2.731219
0.95242,0.612616,-2.755784
0.947546,0.644088,-2.799198
0.944343,0.68104,-2.844621
0.926213,0.709886,-2.895658
0.912221,0.733722,-2.931357
0.895145,0.753704,-2.969281
0.881569,0.765192,-2.993825
0.86867,0.776092,-3.016158
0.84874,0.784656,-3.036978
0.84855,0.807178,-3.054504
0.868528,0.839612,-3.071119
0.831807,0.833035,-3.070306
0.829854,0.844857,-3.081526
0.827205,0.861242,-3.102199
0.834409,0.883517,-3.120683
0.835708,0.902873,-3.140988
0.841366,0.917037,-3.168797
0.841223,0.922867,-3.182657
0.873614,0.925021,-3.205321
0.866183,0.926005,-3.20891
0.834022,0.917587,-3.205123
0.840765,0.909945,-3.206463
0.875006,0.91609,-3.210754
0.900221,0.920235,-3.213118
0.884261,0.902222,-3.212705
0.854895,0.877432,-3.210281
0.826042,0.854564,-3.208847
0.818471,0.850372,-3.208268
0.829629,0.856629,-3.209112
0.849638,0.86578,-3.210858
0.876523,0.877015,-3.213322
0.8997,0.885293,-3.215673
0.918624,0.888225,-3.21806
0.938523,0.88689,-3.2208
0.93657,0.882709,-3.220997
0.921935,0.882749,-3.218967
0.910828,0.881456,-3.217574
0.904997,0.885914,-3.216351
0.89826,0.894104,-3.215029
0.911292,0.913025,-3.215852
0.914416,0.915313,-3.216098
0.907626,0.912268,-3.215441
0.873327,0.894304,-3.211676
0.811414,0.861055,-3.206095
0.08575,0.539879,-3.088403
0.094512,0.563207,-3.163699
0.097645,0.578057,-3.246597
-0.534207,0.283149,-3.415837
-0.53029,0.307994,-3.580596
-0.125149,0.540118,-3.785171
0.271058,0.753055,-3.888214
0.501779,0.874872,-3.977267
0.555558,0.923178,-4.096451
0.548199,0.939642,-4.139177
0.540415,0.958566,-4.191916
0.534514,0.973478,-4.231181
0.481335,0.97154,-4.287772
0.449781,0.97774,-4.323897
0.42077,0.982296,-4.358778
0.357103,0.972547,-4.39649
0.300945,0.965736,-4.431001
0.30335,0.974217,-4.438126
0.311119,0.976412,-4.446681
0.319923,0.975016,-4.45415
0.335114,0.969715,-4.459722
0.370894,0.966565,-4.458445
0.404403,0.966692,-4.455507
0.430792,0.959055,-4.455115
0.449446,0.950854,-4.455047
0.46533,0.938886,-4.453586
0.471236,0.932173,-4.460537
0.478185,0.920487,-4.472826
0.484005,0.910124,-4.483632
0.487033,0.900804,-4.500341
0.491204,0.891061,-4.512135
0.495967,0.879076,-4.528723
0.499968,0.869301,-4.541592
0.502985,0.85799,-4.565587
0.505118,0.852617,-4.581575
0.508963,0.846432,-4.595774
0.508215,0.8466,-4.598334
0.512285,0.841951,-4.603616
0.517567,0.835069,-4.614233
0.52993,0.821306,-4.626724
0.551807,0.819004,-4.629448
0.569373,0.813321,-4.625286
0.578365,0.811063,-4.616864
0.695894,0.861358,-4.55144
0.710217,0.864617,-4.554036
0.719954,0.865484,-4.567722
0.721925,0.866228,-4.580186
0.734458,0.866301,-4.587102
0.745942,0.865249,-4.595816
0.761105,0.862483,-4.602033
0.776931,0.859798,-4.612592
0.784634,0.859104,-4.630052
0.794996,0.858231,-4.654781
0.802711,0.85783,-4.678191
0.811044,0.857511,-4.705778
0.821876,0.856437,-4.728372
0.841319,0.853692,-4.752832
0.866409,0.847595,-4.774606
0.899415,0.828108,-4.810656
0.928909,0.810444,-4.838411
0.950118,0.790981,-4.864905
0.958292,0.781278,-4.877945
0.966534,0.77093,-4.881002
0.973694,0.753915,-4.889868
0.935759,0.687481,-4.955683
0.952942,0.671251,-4.959369
0.9572,0.644638,-4.982783
0.936584,0.596641,-5.025748
0.947952,0.58737,-5.033196
0.955984,0.580854,-5.034662
0.961725,0.57558,-5.031786
0.957298,0.540502,-5.045002
0.8245,0.360365,-5.201978
0.927139,0.40729,-5.101588
0.945909,0.373922,-5.089502
1.000134,0.380113,-5.032671
1.002658,0.354649,-5.023803
0.949189,0.248199,-5.075995
0.943885,0.219092,-5.076394
0.93005,0.191081,-5.086467
0.924429,0.178266,-5.0913
0.928547,0.185771,-5.088732
0.93301,0.193535,-5.08614
0.938892,0.204892,-5.082142
0.945781,0.219741,-5.076661
0.949437,0.235965,-5.070565
0.949061,0.244574,-5.067032
0.948444,0.256265,-5.064072
1.002649,0.340405,-5.000011
1.002764,0.353624,-4.999357
1.00279,0.36071,-5.009861
1.002759,0.359905,-5.016682
1.002742,0.361185,-5.019028
1.002766,0.362484,-5.017345
1.002819,0.364871,-5.011893
1.002812,0.365055,-5.009675
1.001852,0.375301,-5.006427
0.989317,0.38258,-5.011368
0.954005,0.391447,-5.023469
0.939812,0.424022,-4.999924
0.8245,0.396061,-5.034323
0.956977,0.601848,-4.818281
0.972941,0.709462,-4.682884
0.953464,0.766554,-4.601274
0.900575,0.811337,-4.5272
0.849594,0.836474,-4.482177
0.782843,0.850478,-4.449713
0.612739,0.816909,-4.444879
0.560488,0.840411,-4.390824
0.531755,0.885541,-4.305838
0.550364,0.923392,-4.237301
0.545503,0.946146,-4.190844
0.541859,0.954769,-4.171207
0.540718,0.957446,-4.163418
0.539657,0.959993,-4.160287
0.535061,0.971089,-4.152108
0.530321,0.982581,-4.147379
0.523762,0.998605,-4.149683
0.51631,1.015826,-4.151799
0.499297,1.033283,-4.156796
0.488192,1.044586,-4.158479
0.465682,1.060298,-4.162657
0.438965,1.070262,-4.171917
0.398559,1.078904,-4.18463
0.36778,1.078897,-4.191696
0.350079,1.078779,-4.188773
0.299857,1.064935,-4.183888
0.281281,1.065545,-4.16857
0.256643,1.066331,-4.151432
0.243976,1.066728,-4.143766
0.244299,1.0667,-4.146483
0.264549,1.066133,-4.149098
0.280858,1.065568,-4.166872
0.294568,1.065038,-4.189879
0.346446,1.079242,-4.217105
-0.069473,0.929999,-4.379642
-0.05888,0.919742,-4.437977
-0.043098,0.904966,-4.475405
-0.039378,0.892569,-4.529156
-0.033303,0.879605,-4.566392
-0.034357,0.873288,-4.619398
-0.03245,0.865566,-4.656441
-0.036212,0.863387,-4.70423
-0.03473,0.857507,-4.732181
-0.03246,0.850684,-4.759827
-0.028475,0.843369,-4.780195
0.18518,0.916887,-4.705041
0.202413,0.918481,-4.722609
-0.01984,0.821567,-4.874427
-0.003648,0.814691,-4.91573
0.1029,0.848332,-4.898551
0.165859,0.853125,-4.904899
0.217693,0.859064,-4.900555
0.244949,0.854551,-4.913983
0.360255,0.88738,-4.857069
0.382583,0.880865,-4.859257
0.408206,0.874461,-4.857991
0.419905,0.864758,-4.873551
0.436891,0.854686,-4.870817
0.449138,0.84548,-4.857264
0.464726,0.834698,-4.837411
0.498867,0.812226,-4.811447
0.540288,0.807945,-4.774944
0.546623,0.80842,-4.749067
0.54903,0.810886,-4.717162
0.536073,0.816867,-4.669818
0.522554,0.826656,-4.633644
0.516216,0.841246,-4.589261
0.5095,0.85707,-4.53866
0.503801,0.879421,-4.483269
0.500404,0.891368,-4.45911
0.497179,0.90098,-4.442452
0.493917,0.913387,-4.415869
0.494607,0.918488,-4.393477
0.495379,0.927265,-4.357296
0.497659,0.93142,-4.329364
0.49686,0.939925,-4.306004
0.497078,0.942952,-4.298018
0.497797,0.945313,-4.289661
0.500486,0.947566,-4.282478
0.511072,0.960184,-4.266482
0.520359,0.967904,-4.251485
0.53043,0.983417,-4.229734
0.526726,0.992306,-4.21909
0.518324,1.012701,-4.212286
0.508375,1.024806,-4.216861
0.496111,1.037523,-4.230249
0.491887,1.03779,-4.237106
0.483086,1.039123,-4.245275
0.477825,1.039989,-4.250084
0.470236,1.046212,-4.251765
0.466024,1.048809,-4.253603
0.450161,1.046481,-4.265837
0.192345,0.945612,-4.36283
0.231677,0.949736,-4.372397
0.346461,0.977329,-4.364924
0.359977,0.973914,-4.389817
0.3717,0.971054,-4.429183
0.36802,0.965724,-4.463682
0.359312,0.958085,-4.505909
0.348681,0.95232,-4.545344
0.348095,0.945162,-4.580649
0.346039,0.941589,-4.606744
0.339869,0.942802,-4.630881
0.331893,0.946565,-4.64359
0.198948,0.919228,-4.70748
-0.03876,0.854217,-4.818645
-0.067269,0.858178,-4.830164
-0.065235,0.857361,-4.834724
-0.036408,0.849917,-4.833883
0.225597,0.922759,-4.723054
0.332202,0.936323,-4.697114
0.383787,0.925025,-4.690568
0.408107,0.918017,-4.691745
0.423689,0.915406,-4.683272
0.445456,0.911209,-4.652414
0.453895,0.906139,-4.636056
0.464898,0.895461,-4.626287
0.472603,0.887959,-4.619535
0.48196,0.87945,-4.6064
0.490451,0.873563,-4.579837
0.49324,0.875323,-4.557721
0.487082,0.888318,-4.545348
0.485583,0.891794,-4.541201
0.490863,0.886287,-4.531374
0.499063,0.879891,-4.508297
0.506128,0.883087,-4.456842
0.504806,0.895506,-4.419268
0.502358,0.915375,-4.361031
0.499961,0.936852,-4.301239
0.534341,0.973507,-4.201733
0.532843,0.976572,-4.157814
0.533317,0.975099,-4.12852
0.533746,0.974303,-4.118747
0.534202,0.973162,-4.121481
0.536323,0.968052,-4.125525
0.53854,0.962567,-4.136215
0.543952,0.949428,-4.153414
0.54606,0.944363,-4.158984
0.544292,0.948599,-4.15331
0.540536,0.957861,-4.13538
0.53524,0.97109,-4.104278
0.497438,1.010612,-3.973278
0.495593,1.018446,-3.949703
0.324431,0.955097,-3.945435
0.255203,0.934964,-3.921213
-0.132385,0.784868,-3.91668
-0.132892,0.785786,-3.888273
-0.396304,0.680787,-3.873929
-0.442523,0.658562,-3.859559
-0.463427,0.646396,-3.846053
-0.479529,0.644262,-3.836086
-0.831091,0.263641,-3.213718
-0.835617,0.258297,-3.030182
-0.277791,0.67211,-3.157187
-0.27797,0.686994,-3.155788
-0.278243,0.707343,-3.16062
-0.204089,0.756081,-3.190104
-0.206288,0.76865,-3.200885
-0.298681,0.742868,-3.209625
-0.341529,0.723368,-3.218793
-0.423861,0.704418,-3.210222
-0.362031,0.727358,-3.215944
-0.326945,0.735127,-3.215862
-0.309503,0.742253,-3.210976
-0.281373,0.742603,-3.209362
-0.280116,0.741807,-3.21061
-0.276949,0.738568,-3.21493
-0.278093,0.738761,-3.214886
-0.277282,0.740112,-3.213263
-0.287538,0.740575,-3.212921
-0.290076,0.741281,-3.21187
-0.295061,0.741153,-3.212281
-0.28898,0.740775,-3.212652
-0.294805,0.741365,-3.211923
-0.301495,0.742546,-3.210265
-0.31288,0.744567,-3.207063
-0.327518,0.746514,-3.203297
-0.323583,0.746933,-3.202771
-0.336895,0.738389,-3.193389
-0.300501,0.743124,-3.197428
-0.222237,0.767613,-3.210813
-0.212599,0.764532,-3.207392
-0.208506,0.765377,-3.204441
-0.207059,0.764915,-3.203927
-0.206366,0.768528,-3.201015
-0.208177,0.77438,-3.197991
-0.206692,0.777694,-3.194829
-0.209109,0.775889,-3.190598
-0.221116,0.781952,-3.185723
-0.233828,0.787341,-3.180371
-0.229524,0.798468,-3.184571
-0.231041,0.804697,-3.184963
-0.235239,0.802454,-3.182533
-0.226511,0.803774,-3.187054
-0.224,0.801675,-3.187921
-0.224032,0.799123,-3.189942
-0.230413,0.799766,-3.193178
-0.235266,0.7969,-3.19797
-0.233527,0.783635,-3.206188
-0.285983,0.743882,-3.198491
-0.267395,0.746811,-3.201722
-0.254284,0.745116,-3.202604
-0.209361,0.747454,-3.21339
-0.201323,0.730672,-3.21435
-0.194383,0.710456,-3.216962
-0.194962,0.703025,-3.21788
-0.196286,0.6978,-3.21911
-0.200097,0.697099,-3.221585
-0.205167,0.701119,-3.224513
-0.228775,0.692207,-3.221371
-0.236104,0.689768,-3.22377
-0.241105,0.678953,-3.228322
-0.240902,0.664715,-3.232813
-0.255606,0.652645,-3.235513
-0.262489,0.647525,-3.235406
-0.283505,0.640713,-3.235264
-0.306558,0.635663,-3.235158
-0.316815,0.638831,-3.235224
-0.32263,0.642818,-3.235308
-0.327833,0.643031,-3.235312
-0.325851,0.641779,-3.235286
-0.334148,0.635112,-3.235147
-0.321391,0.63929,-3.235234
-0.293764,0.644932,-3.235352
-0.272608,0.655902,-3.235581
-0.263858,0.660307,-3.234719
-0.252106,0.660603,-3.234645
-0.247627,0.668377,-3.232676
-0.236668,0.67209,-3.229527
-0.228501,0.67588,-3.226511
-0.206568,0.682757,-3.226764
-0.199339,0.684482,-3.222038
-0.191332,0.6905,-3.2165
-0.186401,0.695291,-3.21301
-0.196948,0.693901,-3.203421
-0.277884,0.667017,-3.162632
-0.277829,0.672807,-3.158057
-0.277826,0.676041,-3.156413
-0.277834,0.677912,-3.155776
-0.277794,0.679831,-3.15353
-0.277793,0.682037,-3.152442
-0.277694,0.684635,-3.148
-0.277603,0.686595,-3.144089
-0.277448,0.686173,-3.139296
-0.277362,0.685511,-3.136837
-0.277267,0.681694,-3.135596
-0.277049,0.6743,-3.132101
-0.276871,0.672186,-3.127378
-0.276569,0.665878,-3.120646
-0.276375,0.662787,-3.115839
-0.275268,0.655826,-3.106719
-0.256977,0.660139,-3.097376
-0.247896,0.654508,-3.082322
-0.243026,0.648705,-3.065289
-0.21224,0.655268,-3.051752
0.64071,1.020082,-3.339339
0.649119,1.020741,-3.328395
0.653359,1.017464,-3.319767
0.657046,1.012703,-3.310615
0.660478,1.010809,-3.304285
0.662441,1.006757,-3.298105
0.664512,1.002937,-3.291978
0.667491,0.999955,-3.285175
0.668904,0.996486,-3.280405
0.669066,0.991327,-3.275737
0.667812,0.98335,-3.27058
0.668578,0.97928,-3.266024
0.667578,0.973543,-3.262448
0.112707,0.702442,-3.029038
0.11756,0.701804,-3.02761
0.122998,0.698856,-3.028936
0.128263,0.696691,-3.029316
0.134243,0.693432,-3.030796
0.143756,0.688601,-3.032689
0.152495,0.684633,-3.033954
0.163039,0.683479,-3.035922
0.177332,0.682226,-3.038096
0.186325,0.683674,-3.035923
0.199348,0.683957,-3.03565
0.216332,0.684009,-3.035795
0.23608,0.685405,-3.033849
0.254434,0.689922,-3.026945
0.263801,0.692877,-3.022393
0.27726,0.692383,-3.023353
0.284363,0.694026,-3.02093
0.293499,0.695135,-3.019411
0.301823,0.69759,-3.015858
0.308076,0.698285,-3.013353
0.318841,0.698748,-3.011871
0.325764,0.699255,-3.010089
0.340209,0.698953,-3.011768
0.348747,0.699011,-3.01182
0.361802,0.699299,-3.01111
0.375121,0.699836,-3.009419
0.389085,0.700136,-3.008694
0.401199,0.700632,-3.007126
0.790181,0.915651,-3.196365
0.791114,0.915432,-3.194247
0.809597,0.921877,-3.20008
0.803004,0.918225,-3.192003
0.787521,0.910869,-3.178439
0.428595,0.705666,-2.988065
0.425462,0.706749,-2.983638
0.421847,0.708011,-2.978471
0.419368,0.710076,-2.973087
0.417124,0.713749,-2.965518
0.717758,0.88778,-3.119841
0.720942,0.894327,-3.117398
0.719907,0.900724,-3.115355
0.713138,0.911763,-3.10869
0.709051,0.918053,-3.103783
0.688225,0.921739,-3.092159
0.670191,0.924054,-3.084643
0.655281,0.926819,-3.079971
0.646833,0.928622,-3.077788
0.626828,0.930595,-3.070615
0.617119,0.930852,-3.068034
0.607549,0.932137,-3.067559
0.605488,0.934512,-3.071661
0.602875,0.937102,-3.076021
0.603262,0.940309,-3.082573
0.603989,0.944361,-3.090928
0.604823,0.948077,-3.098643
0.602928,0.951739,-3.10538
0.606824,0.954603,-3.112363
0.59761,0.956218,-3.112663
0.595953,0.959708,-3.119131
0.594325,0.962726,-3.124662
0.584706,0.966385,-3.12893
0.568578,0.969551,-3.130134
0.554892,0.978197,-3.143104
0.54337,0.984055,-3.151173
0.529756,0.989542,-3.157832
0.511843,0.992897,-3.158845
0.499178,0.997925,-3.164508
0.496566,1.002827,-3.173641
0.502808,1.010034,-3.190318
0.505098,1.014661,-3.200325
0.502947,1.020118,-3.210578
0.495188,1.023602,-3.215088
0.483483,1.028937,-3.222051
0.47651,1.033843,-3.229167
0.473547,1.040846,-3.242713
0.475202,1.048472,-3.258572
0.469659,1.054768,-3.269425
0.458368,1.06047,-3.27624
0.447478,1.065124,-3.280092
0.428327,1.067557,-3.279926
0.422171,1.071331,-3.287022
0.419182,1.075325,-3.295307
0.403505,1.076563,-3.294635
0.384887,1.074841,-3.286685
0.351636,1.071798,-3.272561
0.314153,1.067419,-3.254518
0.304103,1.064305,-3.245335
0.304926,1.062211,-3.240828
0.319479,1.062933,-3.245643
0.35855,1.067916,-3.265389
0.388816,1.073278,-3.284049
0.424265,1.080911,-3.308933
0.450848,1.086164,-3.325175
0.497553,1.094826,-3.353673
0.490147,1.083786,-3.370808
-0.185608,0.84225,-3.950289
0.02725,0.925148,-4.096422
0.42875,1.073471,-4.138173
-0.059479,0.907291,-4.529591
-0.181919,0.865979,-4.852138
-0.466914,0.761061,-5.495757
-0.078516,0.874911,-5.6014
-1.154178,0,-10.94678
-0.945198,0,-10.74484
-0.849616,0,-10.65736
-0.803541,0,-10.61979
-0.794432,0,-10.58253
-0.833375,0,-10.52982
-0.909199,0,-10.54051
-1.002333,0,-10.48064
-1.063381,0,-10.39094
-1.118815,0,-10.31954
-1.197268,0,-10.27912
-1.25207,0,-10.25392
-0.593356,0.867605,-5.39914
-0.472065,0.872327,-5.397397
-0.3722,0.878738,-5.413209
-0.267827,0.879613,-5.442343
-0.193884,0.877098,-5.470037
-0.11806,0.872032,-5.50571
-0.071062,0.869022,-5.527329
0.009288,0.86481,-5.558687
0.088434,0.871642,-5.590889
0.176991,0.891175,-5.634669
0.195036,0.881597,-5.660395
0.029476,0.738804,-5.640335
0.087725,0.7446,-5.679476
0.104432,0.734839,-5.701952
0.103747,0.713322,-5.725959
0.102815,0.693621,-5.746366
0.096619,0.674648,-5.766171
0.089663,0.664005,-5.777413
0.08821,0.656057,-5.785745
0.088895,0.655004,-5.786833
0.103933,0.657755,-5.783702
0.119371,0.664634,-5.776251
0.149556,0.673802,-5.766157
0.1683,0.678368,-5.761067
0.179955,0.685562,-5.753351
0.199376,0.691293,-5.747031
0.218263,0.698388,-5.739284
0.234118,0.708882,-5.72733
0.256396,0.719508,-5.714841
0.277485,0.728445,-5.703763
0.29506,0.74116,-5.68819
0.3042,0.745072,-5.675015
0.314066,0.742826,-5.660324
0.328024,0.739238,-5.638466
0.341191,0.740077,-5.61948
0.498481,0.882082,-5.635634
0.5116,0.885054,-5.619262
0.496494,0.868301,-5.589011
0.490337,0.861804,-5.56867
0.490306,0.856813,-5.55333
0.492726,0.855886,-5.550594
0.48922,0.856161,-5.551283
0.48841,0.858206,-5.557521
0.488423,0.862336,-5.570228
0.490002,0.866773,-5.584005
0.497454,0.872971,-5.599534
0.507209,0.880973,-5.61228
0.512257,0.881863,-5.613722
0.509795,0.876608,-5.60495
-0.526159,0.585352,-5.762946
-0.482527,0.61749,-5.761354
-0.445643,0.639928,-5.756586
-0.396971,0.666755,-5.747289
-0.356725,0.687835,-5.732838
-0.300433,0.722952,-5.704776
-0.252262,0.746054,-5.681847
-0.21329,0.739088,-5.635827
-0.183948,0.740734,-5.610641
-0.158576,0.741962,-5.591533
-0.149127,0.74251,-5.583007
-0.146016,0.743226,-5.571894
-0.14721,0.743498,-5.567673
-0.159122,0.743994,-5.560015
-0.173764,0.744574,-5.551058
-0.172536,0.744085,-5.558648
-0.154032,0.742946,-5.576254
-0.148052,0.743085,-5.574082
-0.139916,0.742948,-5.576185
-0.128953,0.741881,-5.592731
-0.111239,0.740394,-5.615797
-0.087342,0.740222,-5.650512
-0.078935,0.73999,-5.649267
-0.079073,0.739724,-5.626166
-0.071124,0.741073,-5.605216
-0.047388,0.741158,-5.603863
-0.014197,0.742014,-5.590527
0.007281,0.744327,-5.554581
0.112929,0.898175,-5.653594
0.132156,0.87821,-5.611429
0.158993,0.869583,-5.585299
0.189385,0.870204,-5.587505
0.232854,0.876358,-5.606785
0.26213,0.883164,-5.621301
0.298072,0.89322,-5.651649
0.301637,0.745567,-5.535172
0.326354,0.740595,-5.611694
0.330474,0.741358,-5.650975
0.331647,0.740844,-5.647883
0.337708,0.744888,-5.672033
0.348777,0.717321,-5.711385
0.360227,0.69787,-5.729919
0.366059,0.691081,-5.736132
0.372369,0.691539,-5.73513
0.380483,0.689117,-5.736693
0.398458,0.677835,-5.745335
0.417736,0.670318,-5.750059
0.430642,0.665389,-5.75312
0.431293,0.659003,-5.758213
0.425481,0.649118,-5.766067
0.421305,0.639707,-5.772247
0.419356,0.62875,-5.779203
0.419977,0.614615,-5.786314
0.423185,0.583268,-5.79511
0.426198,0.538613,-5.791072
0.431898,0.484357,-5.770169
0.434945,0.465457,-5.769251
0.435385,0.455703,-5.784222
0.435954,0.45096,-5.794089
0.433722,0.446933,-5.809829
0.435054,0.444581,-5.815288
0.435737,0.442189,-5.815934
0.436036,0.439928,-5.817976
0.436929,0.436267,-5.819366
0.430507,0.445092,-5.826369
0.417428,0.453454,-5.830997
0.406843,0.459774,-5.836625
0.396953,0.45989,-5.840271
0.383952,0.459483,-5.842257
0.372344,0.457922,-5.843369
0.358092,0.447923,-5.841763
0.347206,0.439234,-5.83707
0.337343,0.419052,-5.821493
0.32544,0.366604,-5.777776
0.303186,0.380597,-5.779576
0.277219,0.399938,-5.781663
0.240852,0.441495,-5.799143
0.208916,0.452001,-5.799195
0.168044,0.466902,-5.79927
0.135547,0.462448,-5.787994
0.097467,0.483318,-5.788666
0.068477,0.494555,-5.789199
0.038044,0.496207,-5.789889
0.006006,0.490737,-5.789509
-0.028496,0.483469,-5.788846
-0.054416,0.474886,-5.788363
-0.08674,0.458265,-5.787788
-0.107371,0.46554,-5.799263
-0.130742,0.454009,-5.799206
-0.16311,0.440292,-5.799137
-0.187757,0.434967,-5.799109
-0.225868,0.394612,-5.783253
-0.254718,0.373207,-5.780289
-0.277024,0.382263,-5.793076
-0.27854,0.418011,-5.828718
-0.290202,0.438256,-5.852633
-0.303779,0.442874,-5.857906
-0.322795,0.435147,-5.861133
-0.334928,0.427604,-5.861082
-0.345522,0.429039,-5.861089
-0.349964,0.430352,-5.861095
-0.353989,0.426716,-5.861077
-0.355752,0.419879,-5.861043
-0.356229,0.41487,-5.861017
-0.350429,0.418631,-5.861036
-0.336508,0.425793,-5.861073
-0.321824,0.434208,-5.861125
-0.303273,0.442935,-5.857776
-0.2872,0.435649,-5.842513
-0.285048,0.436904,-5.830491
-0.292308,0.446592,-5.830275
-0.298996,0.451475,-5.83024
-0.302158,0.453657,-5.830734
-0.307122,0.458013,-5.827849
-0.320828,0.466872,-5.806262
-0.342523,0.470271,-5.774024
-0.323072,0.547925,-5.799892
-0.323244,0.583446,-5.802136
-0.338051,0.609456,-5.79213
-0.352768,0.626193,-5.782006
-0.371731,0.637395,-5.771631
-0.37996,0.645301,-5.765536
-0.391747,0.654239,-5.75834
-0.40423,0.656303,-5.754404
-0.417825,0.659711,-5.749183
-0.436382,0.659222,-5.746203
-0.452399,0.654048,-5.747468
-0.465795,0.64904,-5.747941
-0.480805,0.645956,-5.746242
-0.50245,0.64593,-5.740748
-0.519061,0.651165,-5.733622
-0.531295,0.656439,-5.726879
-0.542903,0.661157,-5.720473
-0.552141,0.670662,-5.710912
-0.559901,0.677693,-5.701342
-0.569392,0.689989,-5.685876
-0.577208,0.70205,-5.671172
-0.584542,0.715913,-5.654271
-0.582242,0.726576,-5.643301
-0.582074,0.737841,-5.631175
-0.581588,0.748795,-5.619477
-0.574561,0.762298,-5.606916
-0.569735,0.771845,-5.597994
-0.557324,0.785041,-5.587353
-0.548132,0.795928,-5.578274
-0.530953,0.814554,-5.572538
-0.467207,0.878361,-5.633309
-0.481296,0.867562,-5.588683
-0.498167,0.851018,-5.535628
-0.49626,0.855043,-5.513649
-0.491415,0.856839,-5.505585
-0.48766,0.858192,-5.499554
-0.4816,0.85989,-5.492577
-0.480028,0.861677,-5.483133
-0.474517,0.863289,-5.476402
-0.472015,0.863106,-5.478535
-0.470785,0.860208,-5.495502
-0.472921,0.85673,-5.514285
-0.486055,0.852579,-5.532076
-0.492965,0.853933,-5.547269
-0.492259,0.861987,-5.571955
-0.492862,0.868626,-5.590406
-0.484222,0.883793,-5.625057
-0.500426,0.870389,-5.629789
-0.578257,0.798934,-5.566292
-0.599692,0.785118,-5.574989
-0.624703,0.769663,-5.58406
-0.647587,0.758433,-5.58719
-0.668669,0.747945,-5.590223
-0.68171,0.742733,-5.590225
-0.69627,0.739196,-5.587514
-0.707835,0.744715,-5.575467
-0.71371,0.748464,-5.568222
-0.729387,0.743651,-5.566292
-0.745548,0.739645,-5.56115
-0.762856,0.735156,-5.555852
-0.764966,0.730538,-5.55856
-0.752061,0.731255,-5.566266
-0.733339,0.730461,-5.57799
-0.717185,0.725037,-5.593132
-0.70933,0.718161,-5.604971
-0.703296,0.705123,-5.62211
-0.694001,0.695504,-5.63629
-0.679811,0.688814,-5.649338
-0.666419,0.685449,-5.658305
-0.649681,0.684642,-5.665966
-0.634225,0.68655,-5.669161
-0.614178,0.687798,-5.674142
-0.584348,0.692326,-5.678837
-0.553421,0.705376,-5.674805
-0.538057,0.72312,-5.659809
-0.528782,0.740434,-5.64378
-0.525866,0.761044,-5.622368
-0.530509,0.77423,-5.606795
-0.540622,0.786789,-5.590312
-0.553806,0.795001,-5.577629
-0.566233,0.801389,-5.567132
-0.573291,0.805938,-5.56459
-0.575935,0.811749,-5.564118
-0.57541,0.813713,-5.564159
-0.520198,0.869929,-5.627196
-0.51447,0.880232,-5.622287
-0.544663,0.857701,-5.56115
-0.563439,0.848458,-5.520661
-0.564959,0.852126,-5.499398
-0.565941,0.855936,-5.477619
-0.566821,0.865055,-5.426049
-0.564424,0.871112,-5.365925
-0.557743,0.873342,-5.296491
-0.563123,0.85875,-5.169764
-0.563273,0.838217,-5.026836
-0.555367,0.820561,-4.911282
-0.539218,0.804979,-4.787985
-0.487219,0.813454,-4.698461
-0.399032,0.867796,-4.756107
-0.325192,0.908215,-4.768255
-0.295328,0.921379,-4.706326
-0.257711,0.944955,-4.655846
-0.235348,0.953366,-4.593791
-0.20913,0.960265,-4.509362
-0.191822,0.961859,-4.43924
-0.187178,0.945693,-4.314816
-0.174767,0.943012,-4.274484
-0.159864,0.936015,-4.279803
-0.13434,0.94562,-4.406475
-0.124684,0.93749,-4.474722
-0.120776,0.932483,-4.521922
-0.125743,0.9315,-4.545771
-0.142577,0.933458,-4.560194
-0.153672,0.932346,-4.594742
-0.158456,0.929592,-4.634355
-0.168149,0.929057,-4.659789
-0.180538,0.931559,-4.657686
-0.190521,0.933535,-4.662633
-0.202604,0.93809,-4.661986
-0.207283,0.940146,-4.653268
-0.206609,0.941856,-4.639933
-0.203469,0.942366,-4.632031
-0.197737,0.94138,-4.625302
-0.196773,0.941471,-4.621125
-0.193876,0.939878,-4.623571
-0.192456,0.939676,-4.620117
-0.188797,0.939698,-4.606838
-0.184602,0.939893,-4.590246
-0.175027,0.93916,-4.56393
-0.165514,0.937768,-4.559796
-0.152949,0.934681,-4.567902
-0.146735,0.934548,-4.556768
-0.13971,0.936147,-4.52517
-0.135368,0.935985,-4.518147
-0.127211,0.935749,-4.50101
-0.117074,0.934568,-4.488723
-0.103053,0.9325,-4.476701
-0.090174,0.928341,-4.457084
-0.078598,0.924974,-4.451658
-0.075381,0.92397,-4.450753
-0.075854,0.924407,-4.448335
-0.07824,0.927406,-4.429122
-0.089731,0.937358,-4.376199
-0.118488,0.925578,-4.248477
-0.143096,0.937177,-4.20194
-0.16566,0.959622,-4.214626
-0.180146,0.96828,-4.24158
-0.197638,0.95524,-4.285439
-0.204352,0.951586,-4.333537
-0.203138,0.969276,-4.420036
-0.208027,0.968762,-4.441679
-0.222817,0.970106,-4.456026
-0.242372,0.971847,-4.469458
-0.273921,0.971756,-4.492203
-0.300934,0.961674,-4.486832
-0.316335,0.956713,-4.507768
-0.323792,0.954993,-4.516089
-0.323218,0.950361,-4.544069
-0.316205,0.945855,-4.56789
-0.301079,0.94045,-4.596658
-0.288778,0.937213,-4.617201
-0.268948,0.94599,-4.655379
-0.256856,0.944662,-4.65717
-0.244714,0.942445,-4.664287
-0.230298,0.939888,-4.672275
-0.209913,0.935893,-4.685861
-0.183202,0.927882,-4.703031
-0.16468,0.92403,-4.707389
-0.143628,0.919581,-4.71312
-0.134796,0.918166,-4.710612
-0.121639,0.916326,-4.703967
-0.111989,0.916623,-4.680592
-0.102836,0.916947,-4.638453
-0.099331,0.916983,-4.613558
-0.100462,0.920466,-4.589157
-0.10484,0.925311,-4.563278
-0.105415,0.925814,-4.558994
-0.100202,0.923172,-4.562225
-0.101105,0.924224,-4.558792
-0.105866,0.926789,-4.549021
-0.112567,0.928071,-4.551417
-0.120534,0.930722,-4.541411
-0.124522,0.931015,-4.5482
-0.128829,0.93212,-4.546533
-0.132653,0.932284,-4.552866
-0.143187,0.932398,-4.572945
-0.152972,0.93304,-4.585788
-0.166613,0.933666,-4.606602
-0.171152,0.93228,-4.630852
-0.161065,0.927302,-4.664518
-0.141607,0.921027,-4.693315
-0.118627,0.91534,-4.708585
-0.105622,0.91267,-4.697669
-0.09034,0.90396,-4.672678
-0.071153,0.899249,-4.631918
-0.037471,0.885375,-4.562529
0.005253,0.878022,-4.518651
0.060993,0.879681,-4.509799
0.127081,0.906684,-4.564448
0.170951,0.924262,-4.590773
0.191399,0.928052,-4.59631
0.203126,0.929961,-4.599305
0.205118,0.930035,-4.60254
0.207926,0.930815,-4.599747
0.213457,0.933223,-4.584772
0.214346,0.937758,-4.5373
0.220226,0.943598,-4.485744
0.233361,0.953388,-4.44134
0.251592,0.966479,-4.401221
0.257513,0.967868,-4.411231
0.256012,0.963558,-4.440559
0.252629,0.95738,-4.478192
0.25232,0.951773,-4.522234
0.250099,0.947909,-4.545388
0.247256,0.944332,-4.564014
0.245251,0.940143,-4.590559
0.246917,0.938395,-4.610601
0.254686,0.938386,-4.638484
0.263808,0.939196,-4.655549
0.279069,0.937907,-4.678435
0.29364,0.937757,-4.68681
0.300923,0.938921,-4.683536
0.300923,0.939087,-4.682539
0.293848,0.937771,-4.68683
0.285664,0.937198,-4.686081
0.279916,0.936434,-4.687731
0.276543,0.936635,-4.684793
0.275788,0.938316,-4.674296
0.275933,0.939928,-4.664673
0.277119,0.941288,-4.657099
0.277004,0.945011,-4.630848
0.272656,0.948951,-4.596382
0.271519,0.951959,-4.572981
0.27337,0.954058,-4.560176
0.277263,0.956885,-4.544805
0.284867,0.959465,-4.53618
0.29139,0.962708,-4.521294
0.297891,0.965599,-4.508933
0.300863,0.965503,-4.513596
0.301034,0.965421,-4.514421
0.300689,0.965814,-4.511099
0.301822,0.965684,-4.513561
0.305525,0.965261,-4.521578
0.31167,0.96542,-4.528622
0.317697,0.964673,-4.537235
0.325105,0.965048,-4.538775
0.337702,0.964261,-4.522299
0.354444,0.961027,-4.492184
0.373582,0.960707,-4.487941
0.379864,0.958567,-4.497083
0.373578,0.956489,-4.509775
0.359651,0.953627,-4.528886
0.347101,0.953824,-4.546108
0.340614,0.954578,-4.567901
0.338494,0.953961,-4.57867
0.335065,0.953067,-4.595482
0.328878,0.95115,-4.624308
0.321359,0.947884,-4.640098
0.305592,0.945109,-4.648706
0.29188,0.94095,-4.666701
0.278148,0.937624,-4.679667
0.270649,0.933864,-4.698441
0.265895,0.926412,-4.725384
0.265119,0.916842,-4.731704
0.26625,0.914877,-4.732967
0.266896,0.916492,-4.731887
0.2692,0.919593,-4.729787
0.279158,0.925032,-4.725946
0.286063,0.930377,-4.722248
0.290949,0.929952,-4.7224
0.292638,0.925239,-4.725458
0.296754,0.917453,-4.730476
0.300428,0.91584,-4.731441
0.302566,0.914437,-4.732954
0.303637,0.917309,-4.730524
0.30156,0.917848,-4.73009
0.302443,0.914477,-4.7329
0.30595,0.906359,-4.740726
0.308204,0.901835,-4.745131
0.307244,0.898694,-4.75533
0.302344,0.897875,-4.75167
0.300869,0.896851,-4.754746
0.302187,0.897508,-4.753383
0.290976,0.899074,-4.745097
0.267214,0.902927,-4.740808
0.218433,0.908356,-4.734262
0.165091,0.910536,-4.71375
0.061453,0.869278,-4.569425
-0.022904,0.870476,-4.576349
-0.109221,0.91342,-4.710114
-0.179184,0.913017,-4.733032
-0.238451,0.904109,-4.741656
-0.284401,0.90507,-4.770943
-0.300614,0.903934,-4.797617
-0.303973,0.900986,-4.809093
-0.295091,0.899417,-4.813972
-0.276435,0.894223,-4.817001
-0.259071,0.890443,-4.814351
-0.23673,0.885854,-4.807005
-0.227622,0.88601,-4.791195
-0.22842,0.888534,-4.778949
-0.229271,0.889405,-4.775671
-0.224872,0.888947,-4.770896
-0.212399,0.886628,-4.762847
-0.198058,0.8822,-4.763045
-0.188267,0.880403,-4.76592
-0.177261,0.878609,-4.769979
-0.167198,0.877238,-4.771578
-0.162431,0.876997,-4.76913
-0.161796,0.877401,-4.765387
-0.158528,0.876861,-4.766647
-0.149002,0.87662,-4.759874
-0.141321,0.876858,-4.753626
-0.135044,0.879414,-4.751367
-0.127566,0.87944,-4.750679
-0.115705,0.880331,-4.749023
-0.104097,0.881839,-4.746981
-0.866051,0.477864,-1.944234
-0.88,0.492406,-2.128447
-0.878852,0.475121,-2.284157
-0.840048,0.448689,-2.352473
-0.7624,0.407669,-2.37961
-0.88,0.494064,-2.481264
-0.877562,0.539476,-2.496867
-0.901298,0.593486,-2.504401
-0.904245,0.628739,-2.502348
-0.903534,0.607135,-2.502312
-0.867916,0.574024,-2.464038
-0.901155,0.593988,-2.495822
-0.903574,0.60768,-2.52064
-0.901287,0.611381,-2.561006
-0.896576,0.616759,-2.645063
-0.884711,0.68637,-2.744154
-0.850016,0.741222,-2.80108
-0.810892,0.773684,-2.866893
-0.791152,0.781429,-2.928422
-0.788536,0.783892,-3.011171
-0.776124,0.796175,-3.084057
-0.736055,0.794176,-3.125087
-0.878814,0.864171,-3.193614
-0.02259,0.513951,-3.125716
-0.382695,0.688502,-3.223747
-0.032105,0.552378,-3.243135
-0.029153,0.542917,-3.26844
-0.682399,0.800262,-3.346749
0.058134,0.519551,-3.366167
-0.682343,0.801497,-3.403883
-0.705101,0.802129,-3.429583
0.606677,0.303681,-3.485092
0.900794,0.282393,-3.579368
0.52305,0.494171,-3.801476
0.553111,0.443032,-3.765968
0.571913,0.432082,-3.744595
0.564022,0.397112,-3.742374
0.441652,0.38893,-3.763592
-0.699737,0.81158,-3.717211
-0.727256,0.811328,-3.760136
-0.750017,0.808165,-3.791997
-0.779741,0.804585,-3.846361
-0.819777,0.792702,-3.893307
-0.847784,0.773178,-3.958878
-0.863177,0.749642,-3.993329
-0.875753,0.725776,-4.022137
-0.883287,0.701926,-4.041393
-0.789476,0.639092,-4.09005
-0.788969,0.625279,-4.117819
-0.778737,0.623613,-4.180315
-0.768786,0.625026,-4.237517
-0.896006,0.667799,-4.244828
-0.898634,0.657022,-4.28212
-0.898805,0.681058,-4.325079
-0.900467,0.696773,-4.382742
-0.903631,0.677586,-4.423198
-0.909832,0.656495,-4.468693
-0.91171,0.66354,-4.504554
-0.914024,0.666643,-4.554465
-0.917406,0.643275,-4.594872
-0.919815,0.632728,-4.646338
-0.92224,0.628179,-4.692537
-0.878054,0.595241,-4.784577
-0.8972,0.598595,-4.819922
-0.8972,0.587373,-4.879436
-0.7645,0.504327,-5.025866
-0.859828,0.54612,-4.976952
-0.871555,0.549374,-4.980338
-0.867239,0.545529,-4.97931
-0.7645,0.493792,-5.042632
-0.7645,0.510187,-5.014965
-0.896291,0.591453,-4.89347
-0.8972,0.609283,-4.87286
-0.895867,0.629905,-4.85819
-0.884993,0.644057,-4.86051
-0.875709,0.654664,-4.860229
-0.870436,0.66218,-4.862318
-0.917913,0.701954,-4.835979
-0.917169,0.714472,-4.847107
-0.916027,0.730258,-4.876632
-0.914008,0.75325,-4.89458
-0.902102,0.778963,-4.929705
-0.887999,0.796196,-4.953529
-0.866585,0.815711,-4.988792
-0.855364,0.823183,-5.006212
-0.858291,0.821405,-5.006927
-0.858965,0.820979,-5.006056
-0.856908,0.82216,-4.996817
-0.851851,0.824981,-4.969456
-0.836653,0.834251,-4.932662
-0.8257,0.840407,-4.875928
-0.818149,0.841204,-4.797006
-0.820334,0.835389,-4.719106
-0.810734,0.836932,-4.635443
-0.805031,0.836853,-4.568063
-0.789442,0.837332,-4.49675
-0.77829,0.836861,-4.441463
-0.779423,0.832812,-4.374395
-0.781023,0.826711,-4.273187
-0.779549,0.823161,-4.20442
-0.78448,0.817669,-4.126966
-0.793174,0.812892,-4.073623
-0.810036,0.803874,-4.016889
-0.818337,0.797362,-3.975649
-0.829332,0.78871,-3.929946
-0.842552,0.778785,-3.893715
-0.848257,0.764636,-3.853301
-0.85461,0.750144,-3.825855
-0.863778,0.730168,-3.799515
-0.869587,0.708311,-3.788097
-0.823657,0.654109,-3.797014
-0.827672,0.637939,-3.801555
-0.831387,0.620017,-3.812433
-0.831485,0.591371,-3.818974
-0.827523,0.556866,-3.831286
-0.8235,0.526824,-3.843245
-0.817619,0.495217,-3.863699
-0.81054,0.460305,-3.887754
-0.802827,0.425154,-3.917261
-0.783393,0.357881,-3.96451
-0.861898,0.351741,-3.979841
-0.861264,0.331023,-4.005242
-0.861007,0.310682,-4.030657
-0.862146,0.301371,-4.067564
-0.863053,0.299257,-4.088984
-0.86455,0.301788,-4.115272
-0.865885,0.302997,-4.140285
-0.868023,0.306996,-4.177246
-0.869488,0.304403,-4.210605
-0.872511,0.315722,-4.254362
-0.874088,0.316023,-4.285617
-0.876548,0.324196,-4.315838
-0.878746,0.334777,-4.326691
-0.881773,0.352941,-4.327915
-0.886162,0.375922,-4.328221
-0.892316,0.41398,-4.318881
-0.89416,0.445062,-4.318803
-0.896183,0.474113,-4.322815
-0.89918,0.512631,-4.329051
-0.90149,0.544126,-4.334916
-0.903362,0.589349,-4.337848
-0.902682,0.614751,-4.333423
-0.901451,0.641223,-4.320838
-0.899966,0.657054,-4.304361
-0.897198,0.674713,-4.280629
-0.89553,0.685732,-4.256972
-0.892618,0.699514,-4.224121
-0.888914,0.707087,-4.19185
-0.88251,0.722125,-4.144503
-0.876839,0.735029,-4.100806
-0.868999,0.745366,-4.044873
-0.865924,0.746212,-4.00235
-0.866098,0.742077,-3.960493
-0.868027,0.733803,-3.909393
-0.867684,0.727533,-3.862792
-0.867224,0.722235,-3.819931
-0.866184,0.719418,-3.759664
-0.868601,0.709684,-3.70545
-0.869925,0.700059,-3.635341
-0.870277,0.696059,-3.583136
-0.870434,0.691077,-3.528543
-0.842669,0.666136,-3.45979
-0.849131,0.65835,-3.399924
-0.855516,0.641824,-3.329384
-0.859533,0.632057,-3.272871
-0.863703,0.620098,-3.204065
-0.865474,0.611693,-3.145825
-0.867728,0.601121,-3.065505
-0.868465,0.594376,-2.996128
-0.868417,0.583111,-2.929694
-0.866681,0.572247,-2.88543
-0.890371,0.573336,-2.848097
-0.890936,0.560866,-2.820592
-0.891752,0.548805,-2.787184
-0.892385,0.537831,-2.759537
-0.893276,0.528716,-2.727353
-0.894182,0.524321,-2.703734
-0.894871,0.519045,-2.683465
-0.895753,0.508474,-2.652783
-0.89418,0.497811,-2.625146
-0.851854,0.465231,-2.589219
-0.865618,0.46309,-2.574338
-0.875868,0.458867,-2.564827
-0.88,0.457329,-2.558931
-0.88,0.452828,-2.546426
-0.88,0.448639,-2.534211
-0.877384,0.43434,-2.517647
-0.861476,0.415742,-2.497525
-0.883987,0.402552,-2.496055
-0.882397,0.376519,-2.490329
-0.7624,0.253028,-2.436305
-0.7624,0.211611,-2.43014
-0.7624,0.152346,-2.422668
-0.86865,0.173226,-2.458114
-0.88,0.117161,-2.450665
-0.88,0.064567,-2.434291
-0.860687,0.225415,-2.956164
-0.839858,0.256162,-2.96161
-0.803961,0.260865,-2.955632
-0.813047,0.300409,-2.958963
-0.818973,0.326453,-2.960486
-0.818255,0.32329,-2.96016
-0.814383,0.306732,-2.967004
-0.810852,0.291956,-2.978636
-0.81421,0.307393,-2.991104
-0.823364,0.347828,-2.997
-0.82857,0.370806,-3.000046
-0.832834,0.38943,-2.999203
-0.838817,0.415367,-2.994726
-0.842735,0.431953,-2.984987
-0.844516,0.438643,-2.966107
-0.844344,0.436897,-2.949266
-0.845994,0.442349,-2.919064
-0.850802,0.461178,-2.889513
-0.854163,0.491194,-2.846075
-0.890488,0.543945,-2.814007
-0.89338,0.56044,-2.764359
-0.89704,0.574532,-2.689464
-0.900071,0.588136,-2.607022
-0.901344,0.624156,-2.554691
-0.9038,0.650276,-2.51055
-0.891037,0.686935,-2.488636
-0.867566,0.723009,-2.466649
-0.823984,0.754649,-2.445979
-0.736707,0.77271,-2.417828
-0.624579,0.763799,-2.395529
-0.516363,0.726121,-2.326325
-0.476117,0.735522,-2.333364
-0.42614,0.743689,-2.323699
-0.307952,0.768174,-2.35595
-0.146646,0.769488,-2.327708
0.009431,0.774288,-2.33936
0.349294,0.759202,-2.274129
